Gender,Married,Dependents,Education,Self_Employed,ApplicantIncome,CoapplicantIncome,LoanAmount,Loan_Amount_Term,Credit_History,Loan_Status,Property_Area_Semiurban,Property_Area_Urban,TotalIncome,TotalIncome_log,LoanAmount_log
1,0,0,0,0,5849,0.0,128.0,360.0,1.0,1,False,True,5849.0,8.674196940225903,4.859812404361672
1,1,1,0,0,4583,1508.0,128.0,360.0,1.0,0,False,False,6091.0,8.714731714015052,4.859812404361672
1,1,0,0,1,3000,0.0,66.0,360.0,1.0,1,False,True,3000.0,8.006700845440367,4.204692619390966
1,1,0,1,0,2583,2358.0,120.0,360.0,1.0,1,False,True,4941.0,8.505525386548555,4.795790545596741
1,0,0,0,0,6000,0.0,141.0,360.0,1.0,1,False,True,6000.0,8.699681400989514,4.955827057601261
1,1,2,0,1,5417,4196.0,267.0,360.0,1.0,1,False,True,9613.0,9.170975648453906,5.5909869805108565
1,1,0,1,0,2333,1516.0,95.0,360.0,1.0,1,False,True,3849.0,8.25582842728183,4.564348191467836
1,1,3,0,0,3036,2504.0,158.0,360.0,0.0,0,True,False,5540.0,8.61993026886735,5.0689042022202315
1,1,2,0,0,4006,1526.0,168.0,360.0,1.0,1,False,True,5532.0,8.618485442898109,5.1298987149230735
1,1,1,0,0,12841,10968.0,349.0,360.0,1.0,0,True,False,23809.0,10.077860939480908,5.857933154483459
1,1,2,0,0,3200,700.0,70.0,360.0,1.0,1,False,True,3900.0,8.268988209506656,4.2626798770413155
1,1,2,0,0,2500,1840.0,109.0,360.0,1.0,1,False,True,4340.0,8.375860015299594,4.700480365792417
1,1,2,0,0,3073,8106.0,200.0,360.0,1.0,1,False,True,11179.0,9.32188174670909,5.303304908059076
1,0,0,0,0,1853,2840.0,114.0,360.0,1.0,0,False,False,4693.0,8.454040376410969,4.74493212836325
1,1,2,0,0,1299,1086.0,17.0,120.0,1.0,1,False,True,2385.0,7.777373602657861,2.8903717578961645
1,0,0,0,0,4950,0.0,125.0,360.0,1.0,1,False,True,4950.0,8.507344855361422,4.836281906951478
1,0,1,1,0,3596,0.0,100.0,240.0,1.0,1,False,True,3596.0,8.187855443695623,4.61512051684126
0,0,0,0,0,3510,0.0,76.0,360.0,0.0,0,False,True,3510.0,8.163656176168432,4.343805421853684
1,1,0,1,0,4887,0.0,133.0,360.0,1.0,0,False,False,4887.0,8.494538500851432,4.897839799950911
1,1,0,0,0,2600,3500.0,115.0,360.0,1.0,1,False,True,6100.0,8.716207971151853,4.7535901911063645
1,1,0,1,0,7660,0.0,104.0,360.0,0.0,0,False,True,7660.0,8.94389780251682,4.653960350157523
1,1,1,0,0,5955,5625.0,315.0,360.0,1.0,1,False,True,11580.0,9.357121103184378,5.755742213586912
1,1,0,1,0,2600,1911.0,116.0,360.0,0.0,0,True,False,4511.0,8.414495793177895,4.762173934797756
1,1,2,1,0,3365,1917.0,112.0,360.0,0.0,0,False,False,5282.0,8.572249397164315,4.727387818712341
1,1,1,0,0,3717,2925.0,151.0,360.0,1.0,0,True,False,6642.0,8.80131894766524,5.0238805208462765
1,1,0,0,1,9560,0.0,191.0,360.0,1.0,1,True,False,9560.0,9.165447603085447,5.2574953720277815
1,1,0,0,0,2799,2253.0,122.0,360.0,1.0,1,True,False,5052.0,8.527737405291909,4.812184355372417
1,1,2,1,0,4226,1040.0,110.0,360.0,1.0,1,False,True,5266.0,8.569216219483389,4.709530201312334
1,0,0,1,0,1442,0.0,35.0,360.0,1.0,0,False,True,1442.0,7.274479558773871,3.58351893845611
0,0,2,0,0,3750,2083.0,120.0,360.0,1.0,1,True,False,5833.0,8.671458150427666,4.795790545596741
1,1,1,0,0,4166,3369.0,201.0,360.0,1.0,0,False,True,7535.0,8.927446816256198,5.308267697401205
1,0,0,0,0,3167,0.0,74.0,360.0,1.0,0,False,True,3167.0,8.060855752934316,4.31748811353631
1,0,1,0,1,4692,0.0,106.0,360.0,1.0,0,False,False,4692.0,8.453827315794417,4.672828834461906
1,1,0,0,0,3500,1667.0,114.0,360.0,1.0,1,True,False,5167.0,8.550241045462437,4.74493212836325
1,0,3,0,0,12500,3000.0,320.0,360.0,1.0,0,False,False,15500.0,9.648659816955295,5.771441123130016
1,1,0,0,0,2275,2067.0,128.0,360.0,1.0,1,False,True,4342.0,8.376320632534823,4.859812404361672
1,1,0,0,0,1828,1330.0,100.0,360.0,0.0,0,False,True,3158.0,8.058010800802085,4.61512051684126
0,1,0,0,0,3667,1459.0,144.0,360.0,1.0,1,True,False,5126.0,8.5422759717837,4.976733742420574
1,0,0,0,0,4166,7210.0,184.0,360.0,1.0,1,False,True,11376.0,9.339349052539717,5.220355825078324
1,0,0,1,0,3748,1668.0,110.0,360.0,1.0,1,True,False,5416.0,8.597297435657898,4.709530201312334
1,0,0,0,0,3600,0.0,80.0,360.0,1.0,0,False,True,3600.0,8.188966863648876,4.394449154672439
1,0,0,0,0,1800,1213.0,47.0,360.0,1.0,1,False,True,3013.0,8.01102337918644,3.871201010907891
1,1,0,0,0,2400,0.0,75.0,360.0,1.0,1,False,True,2400.0,7.783640596221253,4.330733340286331
1,1,0,0,0,3941,2336.0,134.0,360.0,1.0,1,True,False,6277.0,8.744806737401898,4.90527477843843
1,1,0,1,1,4695,0.0,96.0,360.0,1.0,1,False,True,4695.0,8.454466361507933,4.574710978503383
0,0,0,0,0,3410,0.0,88.0,360.0,1.0,1,False,True,3410.0,8.134760782418645,4.48863636973214
1,1,1,0,0,5649,0.0,44.0,360.0,1.0,1,False,True,5649.0,8.639410824140487,3.8066624897703196
1,1,0,0,0,5821,0.0,144.0,360.0,1.0,1,False,True,5821.0,8.669399124305569,4.976733742420574
0,1,0,0,0,2645,3440.0,120.0,360.0,0.0,0,False,True,6085.0,8.713746330456916,4.795790545596741
0,0,0,0,0,4000,2275.0,144.0,360.0,1.0,1,True,False,6275.0,8.744488113852924,4.976733742420574
0,1,0,1,0,1928,1644.0,100.0,360.0,1.0,1,True,False,3572.0,8.181160858023409,4.61512051684126
0,0,0,0,0,3086,0.0,120.0,360.0,1.0,1,True,False,3086.0,8.034955024502159,4.795790545596741
0,0,0,0,0,4230,0.0,112.0,360.0,1.0,0,True,False,4230.0,8.350193650720067,4.727387818712341
1,1,2,0,0,4616,0.0,134.0,360.0,1.0,0,False,True,4616.0,8.43750042250699,4.90527477843843
0,1,1,0,1,11500,0.0,286.0,360.0,0.0,0,False,True,11500.0,9.350189267092581,5.659482215759621
1,1,2,0,0,2708,1167.0,97.0,360.0,1.0,1,True,False,3875.0,8.262558973010657,4.584967478670572
1,1,0,0,0,2132,1591.0,96.0,360.0,1.0,1,True,False,3723.0,8.222553638396958,4.574710978503383
1,1,0,0,0,3366,2200.0,135.0,360.0,1.0,0,False,False,5566.0,8.624611588183507,4.912654885736052
1,1,1,0,0,8080,2250.0,180.0,360.0,1.0,1,False,True,10330.0,9.242904362849446,5.198497031265826
1,1,2,1,0,3357,2859.0,144.0,360.0,1.0,1,False,True,6216.0,8.735042754269337,4.976733742420574
1,1,0,0,0,2500,3796.0,120.0,360.0,1.0,1,False,True,6296.0,8.747828608488742,4.795790545596741
1,1,3,0,0,3029,0.0,99.0,360.0,1.0,1,False,True,3029.0,8.016317898503415,4.605170185988092
1,1,0,1,1,2609,3449.0,165.0,180.0,0.0,0,False,False,6058.0,8.70930004894499,5.111987788356544
1,1,1,0,0,4945,0.0,128.0,360.0,0.0,0,False,False,4945.0,8.506334448081361,4.859812404361672
0,0,0,0,0,4166,0.0,116.0,360.0,0.0,0,True,False,4166.0,8.334951631422454,4.762173934797756
1,1,0,0,0,5726,4595.0,258.0,360.0,1.0,0,True,False,10321.0,9.242032818708672,5.556828061699537
1,0,0,1,0,3200,2254.0,126.0,180.0,0.0,0,False,True,5454.0,8.604287898267172,4.844187086458591
1,1,1,0,0,10750,0.0,312.0,360.0,1.0,1,False,True,10750.0,9.282754052485227,5.746203190540153
1,1,3,1,1,7100,0.0,125.0,60.0,1.0,1,False,True,7100.0,8.867990898182093,4.836281906951478
0,0,0,0,0,4300,0.0,136.0,360.0,0.0,0,True,False,4300.0,8.366602832783736,4.919980925828125
1,1,0,0,0,3208,3066.0,172.0,360.0,1.0,1,False,True,6274.0,8.744328763999984,5.153291594497779
1,1,2,1,1,1875,1875.0,97.0,360.0,1.0,1,True,False,3750.0,8.229777750081887,4.584967478670572
1,0,0,0,0,3500,0.0,81.0,300.0,1.0,1,True,False,3500.0,8.160803920954665,4.406719247264253
1,1,3,1,0,4755,0.0,95.0,360.0,0.0,0,True,False,4755.0,8.467162257810672,4.564348191467836
1,1,3,0,1,5266,1774.0,187.0,360.0,1.0,1,True,False,7040.0,8.859505484519133,5.236441962829949
1,0,0,0,0,3750,0.0,113.0,480.0,1.0,0,False,True,3750.0,8.229777750081887,4.736198448394496
1,0,0,0,0,3750,4750.0,176.0,360.0,1.0,0,False,True,8500.0,9.04793908261736,5.176149732573829
1,1,1,0,1,1000,3022.0,110.0,360.0,1.0,0,False,True,4022.0,8.299783171949787,4.709530201312334
1,1,3,0,0,3167,4000.0,180.0,300.0,0.0,0,True,False,7167.0,8.877381954654766,5.198497031265826
1,1,3,1,1,3333,2166.0,130.0,360.0,1.0,1,True,False,5499.0,8.612503371220562,4.875197323201151
0,0,0,0,0,3846,0.0,111.0,360.0,1.0,1,True,False,3846.0,8.255048902752295,4.718498871295094
1,1,1,0,1,2395,0.0,128.0,360.0,1.0,1,True,False,2395.0,7.78155595923534,4.859812404361672
0,1,2,0,0,1378,1881.0,167.0,360.0,1.0,0,False,True,3259.0,8.089482474360754,5.123963979403259
1,1,0,0,0,6000,2250.0,265.0,360.0,1.0,0,True,False,8250.0,9.018089684104343,5.583496308781699
1,1,1,0,0,3988,0.0,50.0,240.0,1.0,1,False,True,3988.0,8.291295851905407,3.9318256327243257
1,0,0,0,0,2366,2531.0,136.0,360.0,1.0,1,True,False,4897.0,8.496582237512113,4.919980925828125
1,1,2,1,0,3333,2000.0,99.0,360.0,1.0,1,True,False,5333.0,8.58185670474196,4.605170185988092
1,1,0,0,0,2500,2118.0,104.0,360.0,1.0,1,True,False,4618.0,8.437933510430605,4.653960350157523
1,0,0,0,0,8566,0.0,210.0,360.0,1.0,1,False,True,8566.0,9.055672891964043,5.351858133476067
1,1,0,0,0,5695,4167.0,175.0,360.0,1.0,1,True,False,9862.0,9.196545660953994,5.170483995038151
1,1,0,0,0,2958,2900.0,131.0,360.0,1.0,1,True,False,5858.0,8.675734219544788,4.882801922586371
1,1,2,0,0,6250,5654.0,188.0,180.0,1.0,1,True,False,11904.0,9.384713758920963,5.241747015059643
1,1,2,1,0,3273,1820.0,81.0,360.0,1.0,1,False,True,5093.0,8.535818655539403,4.406719247264253
1,0,0,0,0,4133,0.0,122.0,360.0,1.0,1,True,False,4133.0,8.327000740241713,4.812184355372417
1,0,0,1,0,3620,0.0,25.0,120.0,1.0,1,True,False,3620.0,8.19450550976564,3.258096538021482
1,0,0,0,0,6782,0.0,128.0,360.0,1.0,0,False,True,6782.0,8.82217476094608,4.859812404361672
0,1,0,0,0,2484,2302.0,137.0,360.0,1.0,1,True,False,4786.0,8.473659189392508,4.927253685157205
1,1,0,0,0,1977,997.0,50.0,360.0,1.0,1,True,False,2974.0,7.99799931797973,3.9318256327243257
1,1,0,1,0,4188,0.0,115.0,180.0,1.0,1,True,False,4188.0,8.340217320947035,4.7535901911063645
1,1,0,0,0,1759,3541.0,131.0,360.0,1.0,1,True,False,5300.0,8.575650760987806,4.882801922586371
1,1,2,1,0,4288,3263.0,133.0,180.0,1.0,1,False,True,7551.0,8.929567707825337,4.897839799950911
1,0,0,0,0,4843,3806.0,151.0,360.0,1.0,1,True,False,8649.0,9.065314599925925,5.0238805208462765
1,1,0,0,0,13650,0.0,128.0,360.0,1.0,1,False,True,13650.0,9.521568058002977,4.859812404361672
1,1,0,0,0,4652,3583.0,128.0,360.0,1.0,1,True,False,8235.0,9.01627006814768,4.859812404361672
1,1,0,0,0,3816,754.0,160.0,360.0,1.0,1,False,True,4570.0,8.427487278331744,5.081404364984463
1,1,1,0,0,3052,1030.0,100.0,360.0,1.0,1,False,True,4082.0,8.314587291319576,4.61512051684126
1,1,2,0,0,11417,1126.0,225.0,360.0,1.0,1,False,True,12543.0,9.436997742590188,5.420534999272286
1,0,0,1,0,7333,0.0,120.0,360.0,1.0,0,False,False,7333.0,8.900276348631271,4.795790545596741
1,1,2,0,0,3800,3600.0,216.0,360.0,0.0,0,False,True,7400.0,8.909370405197466,5.37989735354046
1,1,3,1,0,2071,754.0,94.0,480.0,1.0,1,True,False,2825.0,7.946617563244473,4.553876891600541
1,0,0,0,0,5316,0.0,136.0,360.0,1.0,1,False,True,5316.0,8.57866451350434,4.919980925828125
0,1,0,0,0,2929,2333.0,139.0,360.0,1.0,1,True,False,5262.0,8.56845648535378,4.941642422609304
1,1,0,1,0,3572,4114.0,152.0,360.0,0.0,0,False,False,7686.0,8.947285869349132,5.030437921392435
0,0,1,0,1,7451,0.0,128.0,360.0,1.0,1,True,False,7451.0,8.916237731721479,4.859812404361672
1,0,0,0,0,5050,0.0,118.0,360.0,1.0,1,True,False,5050.0,8.527341522468053,4.77912349311153
1,1,1,0,0,14583,0.0,185.0,180.0,1.0,1,False,False,14583.0,9.5876803163585,5.225746673713202
0,1,0,0,0,3167,2283.0,154.0,360.0,1.0,1,True,False,5450.0,8.603554357064281,5.043425116919247
1,1,1,0,0,2214,1398.0,85.0,360.0,1.0,1,False,True,3612.0,8.19229373114764,4.454347296253507
1,1,0,0,0,5568,2142.0,175.0,360.0,1.0,0,False,False,7710.0,8.95040315983296,5.170483995038151
0,0,0,0,0,10408,0.0,259.0,360.0,1.0,1,False,True,10408.0,9.250426095515468,5.560681631015528
1,1,0,0,0,5667,2667.0,180.0,360.0,1.0,1,False,False,8334.0,9.028218795184895,5.198497031265826
0,0,0,0,0,4166,0.0,44.0,360.0,1.0,1,True,False,4166.0,8.334951631422454,3.8066624897703196
0,0,0,0,0,2137,8980.0,137.0,360.0,0.0,1,True,False,11117.0,9.316320695513415,4.927253685157205
1,1,2,0,0,2957,0.0,81.0,360.0,1.0,1,True,False,2957.0,7.992268643270745,4.406719247264253
1,1,0,1,0,4300,2014.0,194.0,360.0,1.0,1,False,False,6314.0,8.750683034784592,5.272999558563747
0,0,0,0,0,3692,0.0,93.0,360.0,1.0,1,False,False,3692.0,8.214194414852564,4.543294782270004
1,1,3,0,0,23803,0.0,370.0,360.0,1.0,1,False,False,23803.0,10.077608912764743,5.916202062607435
1,0,0,0,0,3865,1640.0,128.0,360.0,1.0,1,False,False,5505.0,8.613593685702552,4.859812404361672
1,1,1,0,1,10513,3850.0,160.0,180.0,0.0,0,False,True,14363.0,9.572480355345974,5.081404364984463
1,1,0,0,0,6080,2569.0,182.0,360.0,1.0,0,False,False,8649.0,9.065314599925925,5.209486152841421
1,0,0,0,1,20166,0.0,650.0,480.0,1.0,1,False,True,20166.0,9.911802884139842,6.478509642208569
1,0,0,0,0,2014,1929.0,74.0,360.0,1.0,1,False,True,3943.0,8.279950715722526,4.31748811353631
1,0,0,0,0,2718,0.0,70.0,360.0,1.0,1,True,False,2718.0,7.908019444632471,4.2626798770413155
1,1,0,0,1,3459,0.0,25.0,120.0,1.0,1,True,False,3459.0,8.14902386805177,3.258096538021482
1,0,0,0,0,4895,0.0,102.0,360.0,1.0,1,True,False,4895.0,8.496173824192162,4.634728988229636
1,1,3,0,0,4000,7750.0,290.0,360.0,1.0,0,True,False,11750.0,9.371693622333941,5.673323267171493
0,1,0,0,0,4583,0.0,84.0,360.0,1.0,0,False,False,4583.0,8.430327258394575,4.442651256490317
1,1,2,0,1,3316,3500.0,88.0,360.0,1.0,1,False,True,6816.0,8.827174771362785,4.48863636973214
1,0,0,0,0,14999,0.0,242.0,360.0,0.0,0,True,False,14999.0,9.615805480084347,5.493061443340548
1,1,2,1,0,4200,1430.0,129.0,360.0,1.0,0,False,False,5630.0,8.636042325254618,4.867534450455582
1,1,2,0,0,5042,2083.0,185.0,360.0,1.0,0,False,False,7125.0,8.871505346165781,5.225746673713202
1,0,0,0,0,5417,0.0,168.0,360.0,1.0,1,False,True,5417.0,8.59748202264504,5.1298987149230735
1,0,0,0,1,6950,0.0,175.0,180.0,1.0,1,True,False,6950.0,8.846640813100485,5.170483995038151
1,1,0,0,0,2698,2034.0,122.0,360.0,1.0,1,True,False,4732.0,8.462314529906248,4.812184355372417
1,1,2,0,0,11757,0.0,187.0,180.0,1.0,1,False,True,11757.0,9.3722891389622,5.236441962829949
0,1,0,0,0,2330,4486.0,100.0,360.0,1.0,1,True,False,6816.0,8.827174771362785,4.61512051684126
0,1,2,0,0,14866,0.0,70.0,360.0,1.0,1,False,True,14866.0,9.60689927061335,4.2626798770413155
1,1,1,0,0,1538,1425.0,30.0,360.0,1.0,1,False,True,2963.0,7.994294986415977,3.4339872044851463
0,0,0,0,0,10000,1666.0,225.0,360.0,1.0,0,False,False,11666.0,9.364519622823858,5.420534999272286
1,1,0,0,0,4860,830.0,125.0,360.0,1.0,1,True,False,5690.0,8.646641258603124,4.836281906951478
1,0,0,0,0,6277,0.0,118.0,360.0,0.0,0,False,False,6277.0,8.744806737401898,4.77912349311153
1,1,0,0,1,2577,3750.0,152.0,360.0,1.0,1,False,False,6327.0,8.75273950944749,5.030437921392435
1,0,0,0,0,9166,0.0,244.0,360.0,1.0,0,False,True,9166.0,9.123365357961776,5.501258210544727
1,1,2,1,0,2281,0.0,113.0,360.0,1.0,0,False,False,2281.0,7.732807530422021,4.736198448394496
1,0,0,0,0,3254,0.0,50.0,360.0,1.0,1,False,True,3254.0,8.08794755464267,3.9318256327243257
1,1,3,0,0,39999,0.0,600.0,180.0,0.0,1,True,False,39999.0,10.596634733096073,6.398594934535208
1,1,1,0,0,6000,0.0,160.0,360.0,1.0,1,False,False,6000.0,8.699681400989514,5.081404364984463
1,1,1,0,0,9538,0.0,187.0,360.0,1.0,1,False,True,9538.0,9.163143937145207,5.236441962829949
1,0,0,0,0,2980,2083.0,120.0,360.0,1.0,1,False,False,5063.0,8.529911963824013,4.795790545596741
1,1,0,0,0,4583,5625.0,255.0,360.0,1.0,1,True,False,10208.0,9.231024963169016,5.545177444479562
1,1,0,1,0,1863,1041.0,98.0,360.0,1.0,1,True,False,2904.0,7.974188669286011,4.59511985013459
1,1,0,0,0,7933,0.0,275.0,360.0,1.0,0,False,True,7933.0,8.978912601074276,5.62040086571715
1,1,1,0,0,3089,1280.0,121.0,360.0,0.0,0,True,False,4369.0,8.382518288089635,4.804021044733257
1,1,2,0,0,4167,1447.0,158.0,360.0,1.0,1,False,False,5614.0,8.633196867172543,5.0689042022202315
1,1,0,0,0,9323,0.0,75.0,180.0,1.0,1,False,True,9323.0,9.140347000155648,4.330733340286331
1,1,0,0,0,3707,3166.0,182.0,360.0,1.0,1,False,False,6873.0,8.835501457409778,5.209486152841421
0,1,0,0,0,4583,0.0,112.0,360.0,1.0,0,False,False,4583.0,8.430327258394575,4.727387818712341
1,1,0,0,0,2439,3333.0,129.0,360.0,1.0,1,False,False,5772.0,8.660947155060933,4.867534450455582
1,0,0,0,0,2237,0.0,63.0,480.0,0.0,0,True,False,2237.0,7.71333788887187,4.1588830833596715
1,1,2,0,0,8000,0.0,200.0,360.0,1.0,1,True,False,8000.0,8.987321812850125,5.303304908059076
1,1,0,1,0,1820,1769.0,95.0,360.0,1.0,1,False,False,3589.0,8.185907481482324,4.564348191467836
1,1,3,0,0,51763,0.0,700.0,300.0,1.0,1,False,True,51763.0,10.85445020594156,6.55250788703459
1,1,3,1,0,3522,0.0,81.0,180.0,1.0,0,False,False,3522.0,8.167068178341237,4.406719247264253
1,1,0,0,0,5708,5625.0,187.0,360.0,1.0,1,True,False,11333.0,9.335562336729565,5.236441962829949
1,1,0,1,1,4344,736.0,87.0,360.0,1.0,0,True,False,5080.0,8.533263371593732,4.477336814478207
1,1,0,0,0,3497,1964.0,116.0,360.0,1.0,1,False,False,5461.0,8.60557030203365,4.762173934797756
1,1,2,0,0,2045,1619.0,101.0,360.0,1.0,1,False,False,3664.0,8.206583614320753,4.624972813284271
1,1,3,0,0,5516,11300.0,495.0,360.0,0.0,0,True,False,16816.0,9.73014555852275,6.206575926724928
1,1,1,0,0,3750,0.0,116.0,360.0,1.0,1,True,False,3750.0,8.229777750081887,4.762173934797756
1,0,0,1,0,2333,1451.0,102.0,480.0,0.0,0,False,True,3784.0,8.23880116587155,4.634728988229636
1,1,1,0,0,6400,7250.0,180.0,360.0,0.0,0,False,True,13650.0,9.521568058002977,5.198497031265826
1,0,0,0,0,1916,5063.0,67.0,360.0,1.0,0,False,False,6979.0,8.850804195756417,4.219507705176107
1,1,0,0,0,4600,0.0,73.0,180.0,1.0,1,True,False,4600.0,8.434028950155469,4.30406509320417
1,1,1,0,0,33846,0.0,260.0,360.0,1.0,0,True,False,33846.0,10.429605648120413,5.564520407322694
0,1,0,0,0,3625,0.0,108.0,360.0,1.0,1,True,False,3625.0,8.195885391314796,4.6913478822291435
1,1,0,0,1,39147,4750.0,120.0,360.0,1.0,1,True,False,43897.0,10.6896240399389,4.795790545596741
1,1,1,0,1,2178,0.0,66.0,300.0,0.0,0,False,False,2178.0,7.68662133494462,4.204692619390966
1,1,0,0,0,2383,2138.0,58.0,360.0,1.0,1,False,False,4521.0,8.416709652837914,4.07753744390572
1,1,0,0,1,674,5296.0,168.0,360.0,1.0,1,False,False,5970.0,8.694669696546992,5.1298987149230735
1,1,0,0,0,9328,0.0,188.0,180.0,1.0,1,False,False,9328.0,9.140883106960962,5.241747015059643
1,0,0,1,0,4885,0.0,48.0,360.0,1.0,1,False,False,4885.0,8.494129251817686,3.8918202981106265
1,0,0,0,0,12000,0.0,164.0,360.0,1.0,0,True,False,12000.0,9.392745258631441,5.10594547390058
1,1,0,1,0,6033,0.0,160.0,360.0,1.0,0,False,True,6033.0,8.705165419719007,5.081404364984463
1,0,0,0,0,3858,0.0,76.0,360.0,1.0,1,True,False,3858.0,8.258163361537619,4.343805421853684
1,0,0,0,0,4191,0.0,120.0,360.0,1.0,1,False,False,4191.0,8.340933226000878,4.795790545596741
1,1,1,0,0,3125,2583.0,170.0,360.0,1.0,0,True,False,5708.0,8.64979915596426,5.14166355650266
1,0,0,0,0,8333,3750.0,187.0,360.0,1.0,1,False,False,12083.0,9.399637542506563,5.236441962829949
0,0,0,1,0,1907,2365.0,120.0,360.0,1.0,1,False,True,4272.0,8.360071435644025,4.795790545596741
0,1,0,0,0,3416,2816.0,113.0,360.0,1.0,1,True,False,6232.0,8.73761303680885,4.736198448394496
1,0,0,0,1,11000,0.0,83.0,360.0,1.0,0,False,True,11000.0,9.305741456739435,4.430816798843313
1,1,1,1,0,2600,2500.0,90.0,360.0,1.0,1,True,False,5100.0,8.537191877922927,4.51085950651685
1,0,2,0,0,4923,0.0,166.0,360.0,0.0,1,True,False,4923.0,8.501876487304344,5.117993812416755
1,1,3,1,0,3992,0.0,128.0,180.0,1.0,0,False,True,3992.0,8.292298107063221,4.859812404361672
1,1,1,1,0,3500,1083.0,135.0,360.0,1.0,1,False,True,4583.0,8.430327258394575,4.912654885736052
1,1,2,1,0,3917,0.0,124.0,360.0,1.0,1,True,False,3917.0,8.273336598504486,4.8283137373023015
0,0,0,1,0,4408,0.0,120.0,360.0,1.0,1,True,False,4408.0,8.391403185357937,4.795790545596741
0,0,0,0,0,3244,0.0,80.0,360.0,1.0,1,False,True,3244.0,8.08487062913819,4.394449154672439
1,0,0,1,0,3975,2531.0,55.0,360.0,1.0,1,False,False,6506.0,8.780633799494984,4.02535169073515
1,0,0,0,0,2479,0.0,59.0,360.0,1.0,1,False,True,2479.0,7.8160138391590275,4.0943445622221
1,0,0,0,0,3418,0.0,127.0,360.0,1.0,0,True,False,3418.0,8.137103389639302,4.852030263919617
0,0,0,0,0,10000,0.0,214.0,360.0,1.0,0,True,False,10000.0,9.210440366976517,5.3706380281276624
1,1,3,0,0,3430,1250.0,128.0,360.0,0.0,0,True,False,4680.0,8.45126704130007,4.859812404361672
1,1,1,0,1,7787,0.0,240.0,360.0,1.0,1,False,True,7787.0,8.960339366492091,5.484796933490655
1,1,3,1,1,5703,0.0,130.0,360.0,1.0,1,False,False,5703.0,8.648922962094131,4.875197323201151
1,1,0,0,0,3173,3021.0,137.0,360.0,1.0,1,False,True,6194.0,8.731497794063243,4.927253685157205
1,1,3,1,0,3850,983.0,100.0,360.0,1.0,1,True,False,4833.0,8.483429561263428,4.61512051684126
1,1,0,0,0,150,1800.0,135.0,360.0,1.0,0,False,False,1950.0,7.576097340623111,4.912654885736052
1,1,0,0,0,3727,1775.0,131.0,360.0,1.0,1,True,False,5502.0,8.613048677059759,4.882801922586371
1,1,2,0,0,5000,0.0,72.0,360.0,0.0,0,True,False,5000.0,8.517393171418904,4.290459441148391
0,1,2,0,0,4283,2383.0,127.0,360.0,1.0,1,True,False,6666.0,8.80492526261806,4.852030263919617
1,1,0,0,0,2221,0.0,60.0,360.0,0.0,0,False,True,2221.0,7.706162970199576,4.110873864173311
1,1,2,0,0,4009,1717.0,116.0,360.0,1.0,1,True,False,5726.0,8.652947112393857,4.762173934797756
1,0,0,0,0,2971,2791.0,144.0,360.0,1.0,1,True,False,5762.0,8.659213451436667,4.976733742420574
1,1,0,0,0,7578,1010.0,175.0,360.0,1.0,1,True,False,8588.0,9.058237593766226,5.170483995038151
1,1,0,0,0,6250,0.0,128.0,360.0,1.0,1,True,False,6250.0,8.740496729931813,4.859812404361672
1,1,0,0,0,3250,0.0,170.0,360.0,1.0,0,False,False,3250.0,8.086717920303906,5.14166355650266
1,1,0,1,1,4735,0.0,138.0,360.0,1.0,0,False,True,4735.0,8.462948176563842,4.9344739331306915
1,1,2,0,0,6250,1695.0,210.0,360.0,1.0,1,True,False,7945.0,8.980423936374544,5.351858133476067
1,1,0,0,0,4758,0.0,158.0,480.0,1.0,1,True,False,4758.0,8.46779284112111,5.0689042022202315
1,0,0,0,1,6400,0.0,200.0,360.0,1.0,1,False,False,6400.0,8.764209507142004,5.303304908059076
1,1,1,0,0,2491,2054.0,104.0,360.0,1.0,1,True,False,4545.0,8.422003004412488,4.653960350157523
1,1,0,0,0,3716,0.0,42.0,180.0,1.0,1,False,False,3716.0,8.220672170297252,3.7612001156935624
1,0,0,1,0,3189,2598.0,120.0,360.0,1.0,1,False,False,5787.0,8.663542087751374,4.795790545596741
0,0,0,0,0,8333,0.0,280.0,360.0,1.0,1,True,False,8333.0,9.0280988119824,5.638354669333745
1,1,1,0,0,3155,1779.0,140.0,360.0,1.0,1,True,False,4934.0,8.504107951867582,4.948759890378168
1,1,1,0,0,5500,1260.0,170.0,360.0,1.0,1,False,False,6760.0,8.818926087090677,5.14166355650266
1,1,0,0,0,5746,0.0,255.0,360.0,1.0,0,False,True,5746.0,8.656433258507741,5.545177444479562
0,0,0,0,1,3463,0.0,122.0,360.0,1.0,1,False,True,3463.0,8.150179269682326,4.812184355372417
0,0,1,0,0,3812,0.0,112.0,360.0,1.0,1,False,False,3812.0,8.246171559857563,4.727387818712341
1,1,1,0,0,3315,0.0,96.0,360.0,1.0,1,True,False,3315.0,8.106514516255185,4.574710978503383
1,1,2,0,0,5819,5000.0,120.0,360.0,1.0,1,False,False,10819.0,9.289151552400472,4.795790545596741
1,1,1,1,0,2510,1983.0,140.0,180.0,1.0,0,False,True,4493.0,8.410498452745275,4.948759890378168
1,0,0,0,0,2965,5701.0,155.0,60.0,1.0,1,False,True,8666.0,9.067277989134345,5.049856007249537
1,1,2,0,1,6250,1300.0,108.0,360.0,1.0,1,False,False,7550.0,8.929435283803425,4.6913478822291435
1,1,0,1,0,3406,4417.0,123.0,360.0,1.0,1,True,False,7823.0,8.964951211714654,4.820281565605037
1,0,0,0,1,6050,4333.0,120.0,180.0,1.0,0,False,True,10383.0,9.248021438943871,4.795790545596741
1,1,2,0,0,9703,0.0,112.0,360.0,1.0,1,False,True,9703.0,9.180293450623886,4.727387818712341
1,1,1,1,0,6608,0.0,137.0,180.0,1.0,1,False,True,6608.0,8.796187635470453,4.927253685157205
1,1,1,0,0,2882,1843.0,123.0,480.0,1.0,1,True,False,4725.0,8.460834457746854,4.820281565605037
1,1,0,0,0,1809,1868.0,90.0,360.0,1.0,1,False,True,3677.0,8.210124405164267,4.51085950651685
1,1,0,1,0,1668,3890.0,201.0,360.0,0.0,0,True,False,5558.0,8.62317351495347,5.308267697401205
0,0,2,0,0,3427,0.0,138.0,360.0,1.0,0,False,True,3427.0,8.13973227971767,4.9344739331306915
1,0,0,1,1,2583,2167.0,104.0,360.0,1.0,1,False,False,4750.0,8.46611040118692,4.653960350157523
1,1,1,1,0,2661,7101.0,279.0,180.0,1.0,1,True,False,9762.0,9.186355009225672,5.634789603169249
1,0,0,0,1,16250,0.0,192.0,360.0,0.0,0,False,True,16250.0,9.69590972432601,5.262690188904886
0,0,3,0,0,3083,0.0,255.0,360.0,1.0,1,False,False,3083.0,8.03398273468322,5.545177444479562
1,0,0,1,0,6045,0.0,115.0,360.0,0.0,0,False,False,6045.0,8.707152175339404,4.7535901911063645
1,1,3,0,0,5250,0.0,94.0,360.0,1.0,0,False,True,5250.0,8.566173813637858,4.553876891600541
1,1,0,0,0,14683,2100.0,304.0,360.0,1.0,0,False,False,16783.0,9.728181330636078,5.720311776607412
1,1,3,1,0,4931,0.0,128.0,360.0,1.0,0,True,False,4931.0,8.503499864284235,4.859812404361672
1,1,1,0,0,6083,4250.0,330.0,360.0,1.0,1,False,True,10333.0,9.24319470884713,5.802118375377063
1,0,0,0,0,2060,2209.0,134.0,360.0,1.0,1,True,False,4269.0,8.35936910622267,4.90527477843843
0,0,1,0,0,3481,0.0,155.0,36.0,1.0,0,True,False,3481.0,8.155362120328135,5.049856007249537
0,0,0,0,0,7200,0.0,120.0,360.0,1.0,1,False,False,7200.0,8.881975184248867,4.795790545596741
1,0,0,0,1,5166,0.0,128.0,360.0,1.0,1,True,False,5166.0,8.550047528287184,4.859812404361672
1,0,0,0,0,4095,3447.0,151.0,360.0,1.0,1,False,False,7542.0,8.928375259853631,5.0238805208462765
1,1,2,0,0,4708,1387.0,150.0,360.0,1.0,1,True,False,6095.0,8.715388097366482,5.017279836814924
1,1,3,0,0,4333,1811.0,160.0,360.0,0.0,1,False,True,6144.0,8.723394022000136,5.081404364984463
0,0,0,0,0,3418,0.0,135.0,360.0,1.0,0,False,False,3418.0,8.137103389639302,4.912654885736052
0,0,1,0,0,2876,1560.0,90.0,360.0,1.0,1,False,True,4436.0,8.39773375137891,4.51085950651685
0,0,0,0,0,3237,0.0,30.0,360.0,1.0,1,False,True,3237.0,8.08271113423758,3.4339872044851463
1,1,0,0,0,11146,0.0,136.0,360.0,1.0,1,False,True,11146.0,9.318925682389624,4.919980925828125
1,0,0,0,0,2833,1857.0,126.0,360.0,1.0,1,False,False,4690.0,8.453401058328458,4.844187086458591
1,1,0,0,0,2620,2223.0,150.0,360.0,1.0,1,True,False,4843.0,8.485496104672983,5.017279836814924
1,1,2,0,0,3900,0.0,90.0,360.0,1.0,1,True,False,3900.0,8.268988209506656,4.51085950651685
1,1,1,0,0,2750,1842.0,115.0,360.0,1.0,1,True,False,4592.0,8.432288684325794,4.7535901911063645
1,1,0,0,0,3993,3274.0,207.0,360.0,1.0,1,True,False,7267.0,8.891236429516061,5.337538079701318
1,1,0,0,0,3103,1300.0,80.0,360.0,1.0,1,False,True,4403.0,8.390268497842571,4.394449154672439
1,1,0,0,0,14583,0.0,436.0,360.0,1.0,1,True,False,14583.0,9.5876803163585,6.07993319509559
0,1,0,1,0,4100,0.0,124.0,360.0,1.0,1,False,False,4100.0,8.31898612539206,4.8283137373023015
1,0,1,1,1,4053,2426.0,158.0,360.0,0.0,0,False,True,6479.0,8.776475789346321,5.0689042022202315
1,1,0,0,0,3927,800.0,112.0,360.0,1.0,1,True,False,4727.0,8.461257559085935,4.727387818712341
1,1,2,0,0,2301,985.7999878,78.0,180.0,1.0,1,False,True,3286.7999878,8.097973923364721,4.3694478524670215
0,0,0,0,0,1811,1666.0,54.0,360.0,1.0,1,False,True,3477.0,8.154212694914229,4.007333185232471
1,1,0,0,0,20667,0.0,128.0,360.0,1.0,0,False,False,20667.0,9.936341889407075,4.859812404361672
1,0,0,0,0,3158,3053.0,89.0,360.0,1.0,1,False,False,6211.0,8.734238184268579,4.499809670330265
0,0,0,0,1,2600,1717.0,99.0,300.0,1.0,0,True,False,4317.0,8.370547611074752,4.605170185988092
1,1,0,0,0,3704,2000.0,120.0,360.0,1.0,1,False,False,5704.0,8.649098262296176,4.795790545596741
0,0,0,0,0,4124,0.0,115.0,360.0,1.0,1,True,False,4124.0,8.324821298768782,4.7535901911063645
1,0,0,0,0,9508,0.0,187.0,360.0,1.0,1,False,False,9508.0,9.159993997539445,5.236441962829949
1,1,0,0,0,3075,2416.0,139.0,360.0,1.0,1,False,False,5491.0,8.61104776688786,4.941642422609304
1,1,2,0,0,4400,0.0,127.0,360.0,0.0,0,True,False,4400.0,8.38958706681109,4.852030263919617
1,1,2,0,0,3153,1560.0,134.0,360.0,1.0,1,False,True,4713.0,8.458292083496076,4.90527477843843
0,0,0,0,0,5417,0.0,143.0,480.0,0.0,0,False,True,5417.0,8.59748202264504,4.969813299576001
1,1,0,0,0,2383,3334.0,172.0,360.0,1.0,1,True,False,5717.0,8.651374372882257,5.153291594497779
1,1,3,0,0,4416,1250.0,110.0,360.0,1.0,1,False,True,5666.0,8.64241515616962,4.709530201312334
1,1,1,0,0,6875,0.0,200.0,360.0,1.0,1,True,False,6875.0,8.83579236650274,5.303304908059076
0,1,1,0,0,4666,0.0,135.0,360.0,1.0,1,False,True,4666.0,8.448271745949816,4.912654885736052
0,0,0,0,0,5000,2541.0,151.0,480.0,1.0,0,False,False,7541.0,8.928242677818302,5.0238805208462765
1,1,1,0,0,2014,2925.0,113.0,360.0,1.0,0,False,True,4939.0,8.505120610181969,4.736198448394496
1,1,0,1,0,1800,2934.0,93.0,360.0,0.0,0,False,True,4734.0,8.462737005620179,4.543294782270004
1,1,0,1,0,2875,1750.0,105.0,360.0,1.0,1,True,False,4625.0,8.439447842791385,4.663439094112067
0,0,0,0,0,5000,0.0,132.0,360.0,1.0,1,False,False,5000.0,8.517393171418904,4.890349128221754
1,1,1,0,0,1625,1803.0,96.0,360.0,1.0,1,False,True,3428.0,8.14002395246292,4.574710978503383
1,0,0,0,0,4000,2500.0,140.0,360.0,1.0,1,False,False,6500.0,8.77971129020447,4.948759890378168
1,0,0,1,0,2000,0.0,128.0,360.0,1.0,0,False,True,2000.0,7.601402334583733,4.859812404361672
0,0,0,0,0,3762,1666.0,135.0,360.0,1.0,1,False,False,5428.0,8.599510233905452,4.912654885736052
0,0,0,0,0,2400,1863.0,104.0,360.0,0.0,0,False,True,4263.0,8.357962965845681,4.653960350157523
1,0,0,0,0,20233,0.0,480.0,360.0,1.0,0,False,False,20233.0,9.915119636765835,6.175867270105761
1,1,2,1,0,7667,0.0,185.0,360.0,1.0,1,False,False,7667.0,8.944811104165534,5.225746673713202
0,0,0,0,0,2917,0.0,84.0,360.0,1.0,1,True,False,2917.0,7.978653729082731,4.442651256490317
1,0,0,1,0,2927,2405.0,111.0,360.0,1.0,1,True,False,5332.0,8.581669210600602,4.718498871295094
0,0,0,0,0,2507,0.0,56.0,360.0,1.0,1,False,False,2507.0,7.827240901752812,4.04305126783455
1,1,2,0,1,5746,0.0,144.0,84.0,1.0,1,False,False,5746.0,8.656433258507741,4.976733742420574
1,1,0,0,0,2473,1843.0,159.0,360.0,1.0,0,False,False,4316.0,8.370315995555478,5.075173815233827
1,1,1,1,0,3399,1640.0,111.0,180.0,1.0,1,False,True,5039.0,8.525161361065415,4.718498871295094
1,1,2,0,0,3717,0.0,120.0,360.0,1.0,1,True,False,3717.0,8.220941168281389,4.795790545596741
1,1,0,0,0,2058,2134.0,88.0,360.0,1.0,1,False,True,4192.0,8.341171747170762,4.48863636973214
0,0,1,0,0,3541,0.0,112.0,360.0,1.0,1,True,False,3541.0,8.17244681834278,4.727387818712341
1,1,1,0,1,10000,0.0,155.0,360.0,1.0,0,False,False,10000.0,9.210440366976517,5.049856007249537
1,1,0,0,0,2400,2167.0,115.0,360.0,1.0,1,True,False,4567.0,8.426830751335846,4.7535901911063645
1,1,3,0,0,4342,189.0,124.0,360.0,1.0,1,True,False,4531.0,8.418918622147897,4.8283137373023015
1,1,2,1,0,3601,1590.0,128.0,360.0,1.0,1,False,False,5191.0,8.554874258383926,4.859812404361672
0,0,0,0,0,3166,2985.0,132.0,360.0,1.0,1,False,False,6151.0,8.72453251118548,4.890349128221754
1,1,3,0,0,15000,0.0,300.0,360.0,1.0,1,False,False,15000.0,9.61587214452889,5.707110264748875
1,1,1,0,1,8666,4983.0,376.0,360.0,0.0,0,False,False,13649.0,9.521494800613105,5.932245187448011
1,0,0,0,0,4917,0.0,130.0,360.0,0.0,1,False,False,4917.0,8.500657222776137,4.875197323201151
1,1,0,0,1,5818,2160.0,184.0,360.0,1.0,1,True,False,7978.0,8.984568369308281,5.220355825078324
0,1,0,0,0,4333,2451.0,110.0,360.0,1.0,0,False,True,6784.0,8.82246957226897,4.709530201312334
0,0,0,0,0,2500,0.0,67.0,360.0,1.0,1,False,True,2500.0,7.824445930877619,4.219507705176107
1,0,1,0,0,4384,1793.0,117.0,360.0,1.0,1,False,True,6177.0,8.728749873478527,4.770684624465665
1,0,0,0,0,2935,0.0,98.0,360.0,1.0,1,True,False,2935.0,7.984803389734406,4.59511985013459
1,0,0,0,0,2833,0.0,71.0,360.0,1.0,1,False,True,2833.0,7.949444420250626,4.276666119016055
1,1,0,0,0,63337,0.0,490.0,180.0,1.0,1,False,True,63337.0,11.056240743970491,6.19644412779452
1,1,1,0,1,9833,1833.0,182.0,180.0,1.0,1,False,True,11666.0,9.364519622823858,5.209486152841421
1,1,0,0,1,5503,4490.0,70.0,360.0,1.0,1,True,False,9993.0,9.20974019190415,4.2626798770413155
1,1,1,0,0,5250,688.0,160.0,360.0,1.0,1,False,False,5938.0,8.68929604801586,5.081404364984463
1,1,2,0,1,2500,4600.0,176.0,360.0,1.0,1,False,False,7100.0,8.867990898182093,5.176149732573829
0,0,3,1,0,1830,0.0,128.0,360.0,0.0,0,False,True,1830.0,7.5126175446745105,4.859812404361672
0,0,0,0,0,4160,0.0,71.0,360.0,1.0,1,True,False,4160.0,8.333510708982942,4.276666119016055
1,1,3,1,0,2647,1587.0,173.0,360.0,1.0,0,False,False,4234.0,8.351138607086154,5.159055299214529
0,0,0,0,0,2378,0.0,46.0,360.0,1.0,0,False,False,2378.0,7.774435510302958,3.8501476017100584
1,1,1,1,0,4554,1229.0,158.0,360.0,1.0,1,False,True,5783.0,8.6628507638386,5.0689042022202315
1,1,3,1,0,3173,0.0,74.0,360.0,1.0,1,True,False,3173.0,8.062747901086354,4.31748811353631
1,1,2,0,0,2583,2330.0,125.0,360.0,1.0,1,False,False,4913.0,8.499843553081124,4.836281906951478
1,1,0,0,0,2499,2458.0,160.0,360.0,1.0,1,True,False,4957.0,8.508757712595136,5.081404364984463
1,1,0,1,0,3523,3230.0,152.0,360.0,0.0,0,False,False,6753.0,8.817890200945513,5.030437921392435
1,1,2,1,0,3083,2168.0,126.0,360.0,1.0,1,False,True,5251.0,8.566364235422688,4.844187086458591
1,1,0,0,0,6333,4583.0,259.0,360.0,1.0,1,True,False,10916.0,9.29807648628027,5.560681631015528
1,1,0,0,0,2625,6250.0,187.0,360.0,1.0,1,False,False,8875.0,9.091106284052485,5.236441962829949
1,1,0,0,0,9083,0.0,228.0,360.0,1.0,1,True,False,9083.0,9.114269903225448,5.43372200355424
1,0,0,0,0,8750,4167.0,308.0,360.0,1.0,0,False,False,12917.0,9.466376966592419,5.733341276897746
1,1,3,0,0,2666,2083.0,95.0,360.0,1.0,1,False,False,4749.0,8.465899897028686,4.564348191467836
0,1,0,0,1,5500,0.0,105.0,360.0,0.0,0,False,False,5500.0,8.612685172875459,4.663439094112067
0,1,0,0,0,2423,505.0,130.0,360.0,1.0,1,True,False,2928.0,7.982416346827733,4.875197323201151
0,0,0,0,0,3813,0.0,116.0,180.0,1.0,1,False,True,3813.0,8.246433786160365,4.762173934797756
1,1,2,0,0,8333,3167.0,165.0,360.0,1.0,1,False,False,11500.0,9.350189267092581,5.111987788356544
1,1,1,0,0,3875,0.0,67.0,360.0,1.0,0,False,True,3875.0,8.262558973010657,4.219507705176107
1,1,0,1,0,3000,1666.0,100.0,480.0,0.0,0,False,True,4666.0,8.448271745949816,4.61512051684126
1,1,3,0,0,5167,3167.0,200.0,360.0,1.0,1,True,False,8334.0,9.028218795184895,5.303304908059076
0,0,1,0,0,4723,0.0,81.0,360.0,1.0,0,True,False,4723.0,8.460411177317253,4.406719247264253
1,1,2,0,0,5000,3667.0,236.0,360.0,1.0,1,True,False,8667.0,9.067393362656249,5.4680601411351315
1,1,0,0,0,4750,2333.0,130.0,360.0,1.0,1,False,True,7083.0,8.865593998902725,4.875197323201151
1,1,0,0,0,3013,3033.0,95.0,300.0,1.0,1,False,True,6046.0,8.707317560273212,4.564348191467836
1,0,0,0,1,6822,0.0,141.0,360.0,1.0,1,False,False,6822.0,8.828054536815424,4.955827057601261
1,0,0,1,0,6216,0.0,133.0,360.0,1.0,0,False,False,6216.0,8.735042754269337,4.897839799950911
1,0,0,0,0,2500,0.0,96.0,480.0,1.0,0,True,False,2500.0,7.824445930877619,4.574710978503383
1,0,0,0,0,5124,0.0,124.0,360.0,0.0,0,False,False,5124.0,8.54188580400661,4.8283137373023015
1,1,1,0,0,6325,0.0,175.0,360.0,1.0,1,True,False,6325.0,8.752423403865594,5.170483995038151
1,1,0,0,0,19730,5266.0,570.0,360.0,1.0,0,False,False,24996.0,10.126511096649761,6.3473892096560105
0,0,0,0,1,15759,0.0,55.0,360.0,1.0,1,True,False,15759.0,9.66523036341187,4.02535169073515
1,1,2,0,0,5185,0.0,155.0,360.0,1.0,1,True,False,5185.0,8.55371796609861,5.049856007249537
1,1,2,0,1,9323,7873.0,380.0,300.0,1.0,1,False,False,17196.0,9.752490228984199,5.942799375126701
1,0,1,0,0,3062,1987.0,111.0,180.0,0.0,0,False,True,5049.0,8.527143522269405,4.718498871295094
0,0,0,0,0,2764,1459.0,110.0,360.0,1.0,1,False,True,4223.0,8.348537825386098,4.709530201312334
1,1,0,0,0,4817,923.0,120.0,180.0,1.0,1,False,True,5740.0,8.655388690167637,4.795790545596741
1,1,3,0,0,8750,4996.0,130.0,360.0,1.0,1,False,False,13746.0,9.52857589747142,4.875197323201151
1,1,0,0,0,4310,0.0,130.0,360.0,1.0,1,True,False,4310.0,8.368925174747135,4.875197323201151
1,0,0,0,0,3069,0.0,71.0,480.0,1.0,0,False,True,3069.0,8.029432840581244,4.276666119016055
1,1,2,0,0,5391,0.0,130.0,360.0,1.0,1,False,True,5391.0,8.592671652592143,4.875197323201151
1,1,0,0,0,3333,2500.0,128.0,360.0,1.0,1,True,False,5833.0,8.671458150427666,4.859812404361672
1,0,0,0,0,5941,4232.0,296.0,360.0,1.0,1,True,False,10173.0,9.22759072538271,5.6937321388027
0,0,0,0,0,6000,0.0,156.0,360.0,1.0,1,False,True,6000.0,8.699681400989514,5.056245805348308
1,0,0,0,1,7167,0.0,128.0,360.0,1.0,1,False,True,7167.0,8.877381954654766,4.859812404361672
1,1,2,0,0,4566,0.0,100.0,360.0,1.0,0,False,True,4566.0,8.426611813185,4.61512051684126
1,0,1,0,0,3667,0.0,113.0,180.0,1.0,1,False,True,3667.0,8.207401833376355,4.736198448394496
1,0,0,1,0,2346,1600.0,132.0,360.0,1.0,1,True,False,3946.0,8.280711075662847,4.890349128221754
1,1,0,1,0,3010,3136.0,128.0,360.0,0.0,0,False,True,6146.0,8.72371943690701,4.859812404361672
1,1,0,0,0,2333,2417.0,136.0,360.0,1.0,1,False,True,4750.0,8.46611040118692,4.919980925828125
1,1,0,0,0,5488,0.0,125.0,360.0,1.0,1,False,False,5488.0,8.610501368549889,4.836281906951478
1,0,3,0,0,9167,0.0,185.0,360.0,1.0,1,False,False,9167.0,9.12347443895452,5.225746673713202
1,1,3,0,0,9504,0.0,275.0,360.0,1.0,1,False,False,9504.0,9.15957325492253,5.62040086571715
1,1,0,0,0,2583,2115.0,120.0,360.0,1.0,1,False,True,4698.0,8.455104999102815,4.795790545596741
1,1,2,1,0,1993,1625.0,113.0,180.0,1.0,1,True,False,3618.0,8.193953023563742,4.736198448394496
1,1,2,0,0,3100,1400.0,113.0,360.0,1.0,1,False,True,4500.0,8.412054873292933,4.736198448394496
1,1,2,0,0,3276,484.0,135.0,360.0,1.0,1,True,False,3760.0,8.232440158470336,4.912654885736052
0,0,0,0,0,3180,0.0,71.0,360.0,0.0,0,False,True,3180.0,8.064950891749143,4.276666119016055
1,1,0,0,0,3033,1459.0,95.0,360.0,1.0,1,False,True,4492.0,8.41027590907016,4.564348191467836
1,0,0,1,0,3902,1666.0,109.0,360.0,1.0,1,False,False,5568.0,8.624970783589669,4.700480365792417
0,0,0,0,0,1500,1800.0,103.0,360.0,0.0,0,True,False,3300.0,8.101980731853192,4.6443908991413725
1,1,2,1,0,2889,0.0,45.0,180.0,0.0,0,False,True,2889.0,7.969011781106478,3.828641396489095
1,0,0,1,0,2755,0.0,65.0,300.0,1.0,0,False,False,2755.0,7.9215356321335495,4.189654742026425
1,0,0,0,0,2500,20000.0,103.0,360.0,1.0,1,True,False,22500.0,10.021315031649332,4.6443908991413725
0,0,0,1,0,1963,0.0,53.0,360.0,1.0,1,True,False,1963.0,7.582738488914411,3.9889840465642745
0,0,0,0,1,7441,0.0,194.0,360.0,1.0,0,False,False,7441.0,8.914894908906568,5.272999558563747
0,0,0,0,0,4547,0.0,115.0,360.0,1.0,1,True,False,4547.0,8.422442854870427,4.7535901911063645
1,1,0,1,0,2167,2400.0,115.0,360.0,1.0,1,False,True,4567.0,8.426830751335846,4.7535901911063645
0,0,0,1,0,2213,0.0,66.0,360.0,1.0,1,False,False,2213.0,7.7025561132685825,4.204692619390966
1,1,1,0,0,8300,0.0,152.0,300.0,0.0,0,True,False,8300.0,9.024131268455035,5.030437921392435
1,1,3,0,0,81000,0.0,360.0,360.0,0.0,0,False,False,81000.0,11.302216779257382,5.8888779583328805
0,0,1,1,1,3867,0.0,62.0,360.0,1.0,0,True,False,3867.0,8.260492856573185,4.143134726391533
1,1,0,0,0,6256,0.0,160.0,360.0,1.0,1,False,True,6256.0,8.741456115998364,5.081404364984463
1,1,0,1,0,6096,0.0,218.0,360.0,0.0,0,False,False,6096.0,8.715552125907816,5.389071729816501
1,1,0,1,0,2253,2033.0,110.0,360.0,1.0,1,False,False,4286.0,8.363342466597977,4.709530201312334
0,1,0,1,0,2149,3237.0,178.0,360.0,0.0,0,True,False,5386.0,8.591743922680534,5.187385805840755
0,0,0,0,0,2995,0.0,60.0,360.0,1.0,1,False,True,2995.0,8.005033344637111,4.110873864173311
0,0,1,0,0,2600,0.0,160.0,360.0,1.0,0,False,True,2600.0,7.8636512654486515,5.081404364984463
1,1,2,0,1,1600,20000.0,239.0,360.0,1.0,0,False,True,21600.0,9.980494888896912,5.480638923341991
1,1,0,0,0,1025,2773.0,112.0,360.0,1.0,1,False,False,3798.0,8.242493153187626,4.727387818712341
1,1,0,0,0,3246,1417.0,138.0,360.0,1.0,1,True,False,4663.0,8.447628728030327,4.9344739331306915
1,1,0,0,0,5829,0.0,138.0,360.0,1.0,1,False,False,5829.0,8.670772279344538,4.9344739331306915
0,0,0,1,0,2720,0.0,80.0,360.0,0.0,0,False,True,2720.0,7.908754738783246,4.394449154672439
1,1,0,0,0,1820,1719.0,100.0,360.0,1.0,1,False,True,3539.0,8.17188200612782,4.61512051684126
1,1,1,0,0,7250,1667.0,110.0,360.0,0.0,0,False,True,8917.0,9.095826985187422,4.709530201312334
1,1,0,0,0,14880,0.0,96.0,360.0,1.0,1,True,False,14880.0,9.60784051043005,4.574710978503383
1,1,0,0,0,2666,4300.0,121.0,360.0,1.0,1,False,False,6966.0,8.848939995030118,4.804021044733257
0,0,1,1,0,4606,0.0,81.0,360.0,1.0,0,False,False,4606.0,8.435332164935916,4.406719247264253
1,1,2,0,0,5935,0.0,133.0,360.0,1.0,1,True,False,5935.0,8.688790784847216,4.897839799950911
1,1,0,0,0,2920,16.12000084,87.0,360.0,1.0,1,False,False,2936.12000084,7.9851847886683345,4.477336814478207
1,0,0,1,0,2717,0.0,60.0,180.0,1.0,1,False,True,2717.0,7.907651594711089,4.110873864173311
0,0,1,0,1,8624,0.0,150.0,360.0,1.0,1,True,False,8624.0,9.062420241899561,5.017279836814924
1,0,0,0,0,6500,0.0,105.0,360.0,0.0,0,False,False,6500.0,8.77971129020447,4.663439094112067
1,0,0,0,0,12876,0.0,405.0,360.0,1.0,1,True,False,12876.0,9.463198053273784,6.0063531596017325
1,1,0,0,0,2425,2340.0,143.0,360.0,1.0,1,True,False,4765.0,8.469262657658687,4.969813299576001
1,0,0,0,0,3750,0.0,100.0,360.0,1.0,1,False,True,3750.0,8.229777750081887,4.61512051684126
0,1,0,0,0,10047,0.0,128.0,240.0,1.0,1,True,False,10047.0,9.21512888870798,4.859812404361672
1,0,0,0,0,1926,1851.0,50.0,360.0,1.0,1,True,False,3777.0,8.236950048061455,3.9318256327243257
1,1,0,0,0,2213,1125.0,128.0,360.0,1.0,1,False,True,3338.0,8.113426639943654,4.859812404361672
1,0,0,0,1,10416,0.0,187.0,360.0,0.0,0,False,True,10416.0,9.251194365984448,5.236441962829949
0,1,0,1,1,7142,0.0,138.0,360.0,1.0,1,False,False,7142.0,8.873888135154973,4.9344739331306915
1,0,0,0,0,3660,5064.0,187.0,360.0,1.0,1,True,False,8724.0,9.073947747070628,5.236441962829949
1,1,0,0,0,7901,1833.0,180.0,360.0,1.0,1,False,False,9734.0,9.1834829178063,5.198497031265826
1,0,3,1,0,4707,1993.0,148.0,360.0,1.0,1,True,False,6700.0,8.81001204797317,5.003946305945459
1,0,1,0,0,37719,0.0,152.0,360.0,1.0,1,True,False,37719.0,10.537945736747394,5.030437921392435
1,1,0,0,0,7333,8333.0,175.0,300.0,1.0,1,False,False,15666.0,9.659311868393488,5.170483995038151
1,1,1,0,1,3466,1210.0,130.0,360.0,1.0,1,False,False,4676.0,8.450412157725886,4.875197323201151
1,1,2,1,0,4652,0.0,110.0,360.0,1.0,1,False,False,4652.0,8.445267451844648,4.709530201312334
1,1,0,0,0,3539,1376.0,55.0,360.0,1.0,0,False,False,4915.0,8.500250470685925,4.02535169073515
1,1,2,0,0,3340,1710.0,150.0,360.0,0.0,0,False,False,5050.0,8.527341522468053,5.017279836814924
1,0,1,1,1,2769,1542.0,190.0,360.0,1.0,0,True,False,4311.0,8.369157112588834,5.25227342804663
1,1,2,1,0,2309,1255.0,125.0,360.0,0.0,0,False,False,3564.0,8.178919332848396,4.836281906951478
1,1,2,1,0,1958,1456.0,60.0,300.0,1.0,1,False,True,3414.0,8.13593277200489,4.110873864173311
1,1,0,0,0,3948,1733.0,149.0,360.0,0.0,0,False,False,5681.0,8.645058562414134,5.0106352940962555
1,1,0,0,0,2483,2466.0,90.0,180.0,0.0,1,False,False,4949.0,8.507142855562735,4.51085950651685
1,0,0,0,1,7085,0.0,84.0,360.0,1.0,1,True,False,7085.0,8.865876285425417,4.442651256490317
1,1,2,0,0,3859,0.0,96.0,360.0,1.0,1,True,False,3859.0,8.258422462458876,4.574710978503383
1,1,0,0,0,4301,0.0,118.0,360.0,1.0,1,False,True,4301.0,8.366835309827675,4.77912349311153
1,1,0,0,0,3708,2569.0,173.0,360.0,1.0,0,False,True,6277.0,8.744806737401898,5.159055299214529
1,0,2,0,0,4354,0.0,136.0,360.0,1.0,1,False,False,4354.0,8.379079889286603,4.919980925828125
1,1,0,0,0,8334,0.0,160.0,360.0,1.0,0,True,False,8334.0,9.028218795184895,5.081404364984463
1,1,0,0,1,2083,4083.0,160.0,360.0,1.0,1,True,False,6166.0,8.726967774991493,5.081404364984463
1,1,3,0,0,7740,0.0,128.0,180.0,1.0,1,False,True,7740.0,8.954286157204713,4.859812404361672
1,1,0,0,0,3015,2188.0,153.0,360.0,1.0,1,False,False,5203.0,8.557182839632397,5.0369526024136295
0,0,1,1,0,5191,0.0,132.0,360.0,1.0,1,True,False,5191.0,8.554874258383926,4.890349128221754
1,0,0,0,0,4166,0.0,98.0,360.0,0.0,0,True,False,4166.0,8.334951631422454,4.59511985013459
1,0,0,0,0,6000,0.0,140.0,360.0,1.0,1,False,False,6000.0,8.699681400989514,4.948759890378168
1,1,3,1,0,2947,1664.0,70.0,180.0,0.0,0,False,True,4611.0,8.436416881388949,4.2626798770413155
1,1,0,0,0,16692,0.0,110.0,360.0,1.0,1,True,False,16692.0,9.722744748855389,4.709530201312334
0,1,2,1,0,210,2917.0,98.0,360.0,1.0,1,True,False,3127.0,8.048149101665201,4.59511985013459
1,1,0,0,0,4333,2451.0,110.0,360.0,1.0,0,False,True,6784.0,8.82246957226897,4.709530201312334
1,1,1,0,1,3450,2079.0,162.0,360.0,1.0,1,True,False,5529.0,8.61794309451638,5.093750200806762
1,1,1,1,0,2653,1500.0,113.0,180.0,0.0,0,False,False,4153.0,8.331827004436057,4.736198448394496
1,1,3,0,0,4691,0.0,100.0,360.0,1.0,1,True,False,4691.0,8.453614209773367,4.61512051684126
0,0,0,0,1,2500,0.0,93.0,360.0,1.0,1,False,True,2500.0,7.824445930877619,4.543294782270004
1,0,2,0,0,5532,4648.0,162.0,360.0,1.0,1,False,False,10180.0,9.228278517107196,5.093750200806762
1,1,2,0,1,16525,1014.0,150.0,360.0,1.0,1,False,False,17539.0,9.772239265926174,5.017279836814924
1,1,2,0,0,6700,1750.0,230.0,300.0,1.0,1,True,False,8450.0,9.042040056544483,5.442417710521793
1,1,2,0,0,2873,1872.0,132.0,360.0,0.0,0,True,False,4745.0,8.465057436995709,4.890349128221754
1,1,1,0,1,16667,2250.0,86.0,360.0,1.0,1,True,False,18917.0,9.847869128773116,4.465908118654584
1,1,2,0,0,2947,1603.0,128.0,360.0,1.0,0,False,True,4550.0,8.423102268016642,4.859812404361672
0,0,0,1,0,4350,0.0,154.0,360.0,1.0,1,False,False,4350.0,8.37816098272068,5.043425116919247
1,1,3,1,0,3095,0.0,113.0,360.0,1.0,1,False,False,3095.0,8.037866234709618,4.736198448394496
1,1,0,0,0,2083,3150.0,128.0,360.0,1.0,1,True,False,5233.0,8.562931083090092,4.859812404361672
1,1,0,0,0,10833,0.0,234.0,360.0,1.0,1,True,False,10833.0,9.290444616217844,5.459585514144159
1,1,2,0,0,8333,0.0,246.0,360.0,1.0,1,True,False,8333.0,9.0280988119824,5.5093883366279774
1,1,1,1,0,1958,2436.0,131.0,360.0,1.0,1,False,False,4394.0,8.388222810119277,4.882801922586371
1,0,2,0,0,3547,0.0,80.0,360.0,0.0,0,False,False,3547.0,8.17413934342947,4.394449154672439
1,1,1,0,0,18333,0.0,500.0,360.0,1.0,0,False,True,18333.0,9.816512538521721,6.2166061010848646
1,1,2,0,1,4583,2083.0,160.0,360.0,1.0,1,True,False,6666.0,8.80492526261806,5.081404364984463
1,0,0,0,0,2435,0.0,75.0,360.0,1.0,0,False,True,2435.0,7.798112628829788,4.330733340286331
1,0,0,1,0,2699,2785.0,96.0,360.0,1.0,1,True,False,5484.0,8.609772372709331,4.574710978503383
1,1,1,1,0,5333,1131.0,186.0,360.0,1.0,1,False,True,6464.0,8.774158291205957,5.231108616854587
1,0,0,1,0,3691,0.0,110.0,360.0,1.0,1,False,False,3691.0,8.213923595622743,4.709530201312334
0,0,0,1,1,17263,0.0,225.0,360.0,1.0,1,True,False,17263.0,9.756378687497916,5.420534999272286
1,1,0,0,0,3597,2157.0,119.0,360.0,0.0,0,False,False,5754.0,8.657824321155983,4.787491742782046
0,1,1,0,0,3326,913.0,105.0,84.0,1.0,1,True,False,4239.0,8.352318548226004,4.663439094112067
1,1,0,1,0,2600,1700.0,107.0,360.0,1.0,1,False,False,4300.0,8.366602832783736,4.68213122712422
1,1,0,0,0,4625,2857.0,111.0,12.0,1.0,1,False,True,7482.0,8.920389060080359,4.718498871295094
1,1,1,0,1,2895,0.0,95.0,360.0,1.0,1,True,False,2895.0,7.971085753505607,4.564348191467836
1,0,0,0,0,6283,4416.0,209.0,360.0,0.0,0,False,False,10699.0,9.277999020449997,5.3471075307174685
0,0,0,0,0,645,3683.0,113.0,480.0,1.0,1,False,False,4328.0,8.37309184744198,4.736198448394496
0,0,0,0,0,3159,0.0,100.0,360.0,1.0,1,True,False,3159.0,8.058327306580958,4.61512051684126
1,1,2,0,0,4865,5624.0,208.0,360.0,1.0,1,True,False,10489.0,9.258177701390343,5.342334251964811
1,1,1,1,0,4050,5302.0,138.0,360.0,1.0,0,False,False,9352.0,9.143452426434552,4.9344739331306915
1,1,0,1,0,3814,1483.0,124.0,300.0,1.0,1,True,False,5297.0,8.575084669832014,4.8283137373023015
1,1,2,0,0,3510,4416.0,243.0,360.0,1.0,1,False,False,7926.0,8.978029932837156,5.497168225293202
1,1,0,0,0,20833,6667.0,480.0,360.0,1.0,1,False,True,27500.0,10.221977646629885,6.175867270105761
1,0,0,0,0,3583,0.0,96.0,360.0,1.0,0,False,True,3583.0,8.18423477409482,4.574710978503383
1,1,0,0,1,2479,3013.0,188.0,360.0,1.0,1,False,True,5492.0,8.61122983334262,5.241747015059643
0,0,1,0,0,13262,0.0,40.0,360.0,1.0,1,False,True,13262.0,9.492733482494353,3.713572066704308
1,0,0,1,0,3598,1287.0,100.0,360.0,1.0,0,False,False,4885.0,8.494129251817686,4.61512051684126
1,1,1,0,0,6065,2004.0,250.0,360.0,1.0,1,True,False,8069.0,8.995908761263994,5.5254529391317835
1,1,2,0,0,3283,2035.0,148.0,360.0,1.0,1,False,True,5318.0,8.579040594742317,5.003946305945459
1,1,0,0,0,2130,6666.0,70.0,180.0,1.0,0,True,False,8796.0,9.082166033252674,4.2626798770413155
1,0,0,0,0,5815,3666.0,311.0,360.0,1.0,0,False,False,9481.0,9.157150543462064,5.7430031878094825
1,1,3,0,0,3466,3428.0,150.0,360.0,1.0,1,False,False,6894.0,8.838551790227402,5.017279836814924
0,1,2,0,0,2031,1632.0,113.0,480.0,1.0,1,True,False,3663.0,8.20631072579402,4.736198448394496
1,1,0,1,0,3074,1800.0,123.0,360.0,0.0,0,True,False,4874.0,8.491875383431948,4.820281565605037
1,0,0,0,0,4683,1915.0,185.0,360.0,1.0,0,True,False,6598.0,8.794673401383422,5.225746673713202
0,0,0,1,0,3400,0.0,95.0,360.0,1.0,0,False,False,3400.0,8.131824785007195,4.564348191467836
1,1,2,1,0,2192,1742.0,45.0,360.0,1.0,1,True,False,3934.0,8.277666160851503,3.828641396489095
1,0,0,0,0,2500,0.0,55.0,360.0,1.0,1,True,False,2500.0,7.824445930877619,4.02535169073515
1,1,3,0,1,5677,1424.0,100.0,360.0,1.0,1,False,False,7101.0,8.868131713503033,4.61512051684126
1,1,2,0,1,7948,7166.0,480.0,360.0,1.0,1,False,False,15114.0,9.623442907213558,6.175867270105761
1,0,0,0,0,4680,2087.0,128.0,360.0,1.0,0,True,False,6767.0,8.81996090128606,4.859812404361672
1,1,2,0,1,17500,0.0,400.0,360.0,1.0,1,False,False,17500.0,9.770013301136158,5.993961427306569
1,1,0,0,0,3775,0.0,110.0,360.0,1.0,1,True,False,3775.0,8.236420527265391,4.709530201312334
1,1,1,1,0,5285,1430.0,161.0,360.0,0.0,1,True,False,6715.0,8.812248018197431,5.087596335232384
1,0,1,1,0,2679,1302.0,94.0,360.0,1.0,1,True,False,3981.0,8.289539484624141,4.553876891600541
1,0,0,1,0,6783,0.0,130.0,360.0,1.0,1,True,False,6783.0,8.822322177471738,4.875197323201151
1,1,0,0,0,1025,5500.0,216.0,360.0,1.0,1,False,False,6525.0,8.783549477153265,5.37989735354046
1,1,3,0,0,4281,0.0,100.0,360.0,1.0,1,False,True,4281.0,8.362175469149628,4.61512051684126
1,0,2,0,0,3588,0.0,110.0,360.0,0.0,0,False,False,3588.0,8.185628891147607,4.709530201312334
1,0,1,0,0,11250,0.0,196.0,360.0,1.0,0,True,False,11250.0,9.328212292571072,5.2832037287379885
0,0,0,1,1,18165,0.0,125.0,360.0,1.0,1,False,True,18165.0,9.80730699406216,4.836281906951478
1,0,0,1,0,2550,2042.0,126.0,360.0,1.0,1,False,False,4592.0,8.432288684325794,4.844187086458591
1,1,0,0,0,6133,3906.0,324.0,360.0,1.0,1,False,True,10039.0,9.214332393245721,5.783825182329737
1,0,2,0,0,3617,0.0,107.0,360.0,1.0,1,True,False,3617.0,8.193676665955241,4.68213122712422
1,1,0,1,0,2917,536.0,66.0,360.0,1.0,0,False,False,3453.0,8.147288258706624,4.204692619390966
1,1,3,0,0,6417,0.0,157.0,180.0,1.0,1,False,False,6417.0,8.766861821669803,5.062595033026967
0,1,1,0,0,4608,2845.0,140.0,180.0,1.0,1,True,False,7453.0,8.916506080039204,4.948759890378168
0,0,0,0,0,2138,0.0,99.0,360.0,0.0,0,True,False,2138.0,7.668093709082406,4.605170185988092
0,0,1,0,0,3652,0.0,95.0,360.0,1.0,1,True,False,3652.0,8.203304026795282,4.564348191467836
1,1,1,1,0,2239,2524.0,128.0,360.0,1.0,1,False,True,4763.0,8.46884293047519,4.859812404361672
0,1,0,1,0,3017,663.0,102.0,360.0,1.0,1,True,False,3680.0,8.210939733379021,4.634728988229636
1,1,0,0,0,2768,1950.0,155.0,360.0,1.0,1,False,False,4718.0,8.459352191726387,5.049856007249537
1,0,0,1,0,3358,0.0,80.0,36.0,1.0,0,True,False,3358.0,8.119398589612294,4.394449154672439
1,0,0,0,0,2526,1783.0,145.0,360.0,1.0,1,False,False,4309.0,8.368693183097793,4.983606621708336
0,0,0,0,0,5000,0.0,103.0,360.0,0.0,0,True,False,5000.0,8.517393171418904,4.6443908991413725
1,1,0,0,0,2785,2016.0,110.0,360.0,1.0,1,False,False,4801.0,8.4767877767812,4.709530201312334
1,1,2,0,1,6633,0.0,128.0,360.0,0.0,0,False,False,6633.0,8.799963219506997,4.859812404361672
1,1,1,1,0,2492,2375.0,128.0,360.0,1.0,1,False,False,4867.0,8.490438454107418,4.859812404361672
1,1,1,0,0,3333,3250.0,158.0,360.0,1.0,1,False,True,6583.0,8.792397742356906,5.0689042022202315
1,1,0,1,0,2454,2333.0,181.0,360.0,0.0,0,False,True,4787.0,8.473868066677865,5.204006687076795
1,1,0,0,0,3593,4266.0,132.0,180.0,0.0,0,False,False,7859.0,8.969541885423252,4.890349128221754
1,1,1,0,0,5468,1032.0,26.0,360.0,1.0,1,True,False,6500.0,8.77971129020447,3.295836866004329
0,0,0,0,0,2667,1625.0,84.0,360.0,1.0,1,False,True,4292.0,8.36474106822456,4.442651256490317
1,1,3,0,1,10139,0.0,260.0,360.0,1.0,1,True,False,10139.0,9.224243277145174,5.564520407322694
1,1,0,0,0,3887,2669.0,162.0,360.0,1.0,1,True,False,6556.0,8.788288460263619,5.093750200806762
0,1,0,0,0,4180,2306.0,182.0,360.0,1.0,1,True,False,6486.0,8.777555453213056,5.209486152841421
1,1,2,1,0,3675,242.0,108.0,360.0,1.0,1,True,False,3917.0,8.273336598504486,4.6913478822291435
0,1,1,0,1,19484,0.0,600.0,360.0,1.0,1,True,False,19484.0,9.87740021777281,6.398594934535208
1,1,0,0,0,5923,2054.0,211.0,360.0,1.0,1,False,False,7977.0,8.984443032465352,5.356586274672012
1,0,0,1,1,5800,0.0,132.0,360.0,1.0,1,True,False,5800.0,8.665785595466064,4.890349128221754
1,1,2,0,0,8799,0.0,258.0,360.0,0.0,0,False,True,8799.0,9.082507000466299,5.556828061699537
1,1,0,1,0,4467,0.0,120.0,360.0,1.0,1,False,False,4467.0,8.404696160189092,4.795790545596741
1,0,0,0,0,3333,0.0,70.0,360.0,1.0,1,False,True,3333.0,8.111928063310739,4.2626798770413155
1,1,3,0,0,3400,2500.0,123.0,360.0,0.0,0,False,False,5900.0,8.682877107057168,4.820281565605037
0,0,0,0,0,2378,0.0,9.0,360.0,1.0,0,False,True,2378.0,7.774435510302958,2.302585092994046
1,1,0,0,0,3166,2064.0,104.0,360.0,0.0,0,False,True,5230.0,8.562357743370612,4.653960350157523
1,1,1,0,0,3417,1750.0,186.0,360.0,1.0,1,False,True,5167.0,8.550241045462437,5.231108616854587
1,1,0,0,0,5116,1451.0,165.0,360.0,0.0,0,False,True,6567.0,8.789964651132264,5.111987788356544
1,1,2,0,0,16666,0.0,275.0,360.0,1.0,1,False,True,16666.0,9.721185995542177,5.62040086571715
1,1,2,1,0,6125,1625.0,187.0,480.0,1.0,0,True,False,7750.0,8.955577146281511,5.236441962829949
1,1,3,0,0,6406,0.0,150.0,360.0,1.0,0,True,False,6406.0,8.765146421639022,5.017279836814924
1,1,2,0,0,3159,461.0,108.0,84.0,1.0,1,False,True,3620.0,8.19450550976564,4.6913478822291435
1,1,0,0,0,3087,2210.0,136.0,360.0,0.0,0,True,False,5297.0,8.575084669832014,4.919980925828125
1,0,0,0,0,3229,2739.0,110.0,360.0,1.0,1,False,True,5968.0,8.69433468816865,4.709530201312334
1,1,1,0,0,1782,2232.0,107.0,360.0,1.0,1,False,False,4014.0,8.297792626380861,4.68213122712422
1,0,0,0,0,3182,2917.0,161.0,360.0,1.0,1,False,True,6099.0,8.716044050161402,5.087596335232384
1,1,2,0,0,6540,0.0,205.0,360.0,1.0,1,True,False,6540.0,8.785845337961213,5.327876168789581
1,0,0,0,0,1836,33837.0,90.0,360.0,1.0,0,False,True,35673.0,10.482177411118249,4.51085950651685
0,1,0,0,0,3166,0.0,36.0,360.0,1.0,1,True,False,3166.0,8.06054004653864,3.6109179126442243
1,1,1,0,0,1880,0.0,61.0,360.0,1.0,0,False,False,1880.0,7.53955882930103,4.127134385045092
1,1,1,0,0,2787,1917.0,146.0,360.0,0.0,0,False,False,4704.0,8.45638105201948,4.990432586778736
1,1,1,0,0,4283,3000.0,172.0,84.0,1.0,0,False,False,7283.0,8.8934354408475,5.153291594497779
1,1,0,0,0,2297,1522.0,104.0,360.0,1.0,1,False,True,3819.0,8.24800570160062,4.653960350157523
0,0,0,1,0,2165,0.0,70.0,360.0,1.0,1,True,False,2165.0,7.680637427560936,4.2626798770413155
1,0,0,0,0,4750,0.0,94.0,360.0,1.0,1,True,False,4750.0,8.46611040118692,4.553876891600541
1,1,2,0,1,2726,0.0,106.0,360.0,0.0,0,True,False,2726.0,7.910957382845589,4.672828834461906
1,1,0,0,0,3000,3416.0,56.0,180.0,1.0,1,True,False,6416.0,8.766705997750515,4.04305126783455
1,1,2,0,1,6000,0.0,205.0,240.0,1.0,0,True,False,6000.0,8.699681400989514,5.327876168789581
1,0,3,0,1,9357,0.0,292.0,360.0,1.0,1,True,False,9357.0,9.143986871426161,5.680172609017068
1,1,0,0,0,3859,3300.0,142.0,180.0,1.0,1,False,False,7159.0,8.87626525995469,4.962844630259907
1,1,0,0,1,16120,0.0,260.0,360.0,1.0,1,False,True,16120.0,9.687878048875998,5.564520407322694
1,0,0,1,0,3833,0.0,110.0,360.0,1.0,1,False,False,3833.0,8.251663923605589,4.709530201312334
1,1,2,1,1,6383,1000.0,187.0,360.0,1.0,0,False,False,7383.0,8.907070776182689,5.236441962829949
1,0,0,0,0,2987,0.0,88.0,360.0,0.0,0,True,False,2987.0,8.002359546252707,4.48863636973214
1,1,0,0,1,9963,0.0,180.0,360.0,1.0,1,False,False,9963.0,9.20673387638207,5.198497031265826
1,1,2,0,0,5780,0.0,192.0,360.0,1.0,1,False,True,5780.0,8.662331957082475,5.262690188904886
0,0,3,0,0,416,41667.0,350.0,180.0,1.0,0,False,True,42083.0,10.647422899928179,5.860786223465865
1,1,0,1,0,2894,2792.0,155.0,360.0,1.0,1,False,False,5686.0,8.645938147306799,5.049856007249537
1,1,3,0,0,5703,0.0,128.0,360.0,1.0,1,False,True,5703.0,8.648922962094131,4.859812404361672
1,0,0,0,0,3676,4301.0,172.0,360.0,1.0,1,False,False,7977.0,8.984443032465352,5.153291594497779
0,1,1,0,0,12000,0.0,496.0,360.0,1.0,1,True,False,12000.0,9.392745258631441,6.208590026096629
1,1,0,1,0,2400,3800.0,128.0,180.0,1.0,0,False,True,6200.0,8.732465848349879,4.859812404361672
1,1,1,0,0,3400,2500.0,173.0,360.0,1.0,1,True,False,5900.0,8.682877107057168,5.159055299214529
1,1,2,1,0,3987,1411.0,157.0,360.0,1.0,1,False,False,5398.0,8.593969030218288,5.062595033026967
1,1,0,0,0,3232,1950.0,108.0,360.0,1.0,1,False,False,5182.0,8.553139318189707,4.6913478822291435
0,0,0,0,0,2900,0.0,71.0,360.0,1.0,1,False,False,2900.0,7.972810784121404,4.276666119016055
1,1,3,0,0,4106,0.0,40.0,180.0,1.0,1,False,False,4106.0,8.320448113956559,3.713572066704308
1,1,1,0,0,8072,240.0,253.0,360.0,1.0,1,False,True,8312.0,9.025575833531088,5.537334267018537
1,1,2,0,0,7583,0.0,187.0,360.0,1.0,1,False,True,7583.0,8.933796043934858,5.236441962829949
0,0,0,0,1,4583,0.0,133.0,360.0,0.0,0,True,False,4583.0,8.430327258394575,4.897839799950911
